{
    "train_loss": [
        1.5788433248908431,
        1.148882251492253
    ],
    "train_accuracy": [
        40.81481481481482,
        57.80092592592593
    ],
    "val_loss": [
        1.0888890451228126,
        0.8613906887156018
    ],
    "val_accuracy": [
        60.77777777777777,
        68.94444444444444
    ]
}