{
    "train_loss": [
        0.24659087536511598,
        0.16996347057046712,
        0.12986255652305703,
        0.11336202655194534,
        0.10692964408615672
    ],
    "train_accuracy": [
        91.64351851851852,
        94.39814814814815,
        95.48148148148148,
        96.0925925925926,
        96.41666666666666
    ],
    "val_loss": [
        0.14690629046785056,
        0.13735360462224033,
        0.10660271624450368,
        0.08599638711721719,
        0.10481447720297092
    ],
    "val_accuracy": [
        94.94444444444444,
        95.74074074074073,
        96.35185185185186,
        97.12962962962963,
        96.48148148148148
    ]
}