{
    "train_loss": [
        0.6571669561774642,
        0.45349928640657,
        0.4152043173489747
    ],
    "train_accuracy": [
        78.16666666666666,
        84.42592592592592,
        85.81018518518519
    ],
    "val_loss": [
        0.42151527754830187,
        0.3555140115717459,
        0.34467719680458836
    ],
    "val_accuracy": [
        85.53703703703704,
        87.83333333333333,
        88.77777777777777
    ]
}